<?xml version="1.0" encoding="UTF-8"?>
<project-private xmlns="http://www.netbeans.org/ns/project-private/1">
    <editor-bookmarks xmlns="http://www.netbeans.org/ns/editor-bookmarks/1"/>
    <editor-bookmarks xmlns="http://www.netbeans.org/ns/editor-bookmarks/2" lastBookmarkId="0"/>
    <open-files xmlns="http://www.netbeans.org/ns/projectui-open-files/2">
        <group>
            <file>file:/C:/Users/gianf/OneDrive/Documentos/DAM_1/ED/T3/DAM_ED03_TAR_R39_TareaUnidad3/PrácticaUnidad3/src/prácticaunidad3/CCuenta.java</file>
            <file>file:/C:/Users/gianf/OneDrive/Documentos/DAM_1/ED/T3/DAM_ED03_TAR_R39_TareaUnidad3/PrácticaUnidad3/src/prácticaunidad3/Main.java</file>
            <file>file:/C:/Users/gianf/OneDrive/Documentos/DAM_1/ED/T3/DAM_ED03_TAR_R39_TareaUnidad3/PrácticaUnidad3/test/prácticaunidad3/TestIngresar.java</file>
            <file>file:/C:/Users/gianf/OneDrive/Documentos/DAM_1/ED/T3/DAM_ED03_TAR_R39_TareaUnidad3/PrácticaUnidad3/test/prácticaunidad3/TestRetirar.java</file>
            <file>file:/C:/Users/gianf/OneDrive/Documentos/DAM_1/ED/T3/DAM_ED03_TAR_R39_TareaUnidad3/PrácticaUnidad3/test/prácticaunidad3/TestIngresarRetirar.java</file>
        </group>
    </open-files>
</project-private>
